{"cameraMode":{"drawMode":0,"name":"Shaded","section":"Shading Mode"},"sceneLighting":true,"audioPlay":false,"sceneViewState":{"m_AlwaysRefresh":false,"showFog":true,"showSkybox":true,"showFlares":true,"showImageEffects":true,"showParticleSystems":true,"showVisualEffectGraphs":true,"m_FxEnabled":true},"in2DMode":false,"pivot":{"x":13.844083786010743,"y":-33.15253448486328,"z":21.635894775390626},"rotation":{"x":-0.40253791213035586,"y":0.07592881470918656,"z":-0.033528029918670657,"w":-0.9116365909576416},"size":51.60242462158203,"orthographic":false}